{"cameraMode":{"drawMode":0,"name":"Shaded","section":"Shading Mode"},"sceneLighting":true,"audioPlay":false,"sceneViewState":{"showFog":true,"showMaterialUpdate":false,"showSkybox":false,"showFlares":true,"showImageEffects":true,"showParticleSystems":true},"in2DMode":false,"pivot":{"x":25.536056518554689,"y":-10.694291114807129,"z":23.13359832763672},"rotation":{"x":0.13863597810268403,"y":0.3813503086566925,"z":-0.0579611212015152,"w":0.9121362566947937},"size":33.64228057861328,"orthographic":false}