{"cameraMode":{"drawMode":0,"name":"Shaded","section":"Shading Mode"},"sceneLighting":true,"audioPlay":false,"sceneViewState":{"showFog":true,"showMaterialUpdate":false,"showSkybox":false,"showFlares":true,"showImageEffects":true,"showParticleSystems":true},"in2DMode":false,"pivot":{"x":7.149948596954346,"y":-1.5101613998413087,"z":3.9629623889923097},"rotation":{"x":0.0403367355465889,"y":-0.9498739838600159,"z":0.277601033449173,"w":0.13802200555801392},"size":4.347756385803223,"orthographic":false}